"period","base","age_component","cohort_component","period_component","residual_component","fitted_rd3m","reconstructed_rd3m","loans_at_risk","defaults_3m","observed_rd3m"
"2018-02-01",0.0217375941071289,-0.0177242144158541,-0.00238378688594843,0.001279800378381,-0.000413552917484436,0.0029093931837074,0.00249584026622296,1202,3,0.00249584026622296
"2018-03-01",0.0217375941071289,-0.0145532398484666,-0.0041949046908724,-0.000976303620537086,0.000772369373081371,0.00201314594725289,0.00278551532033426,2154,6,0.00278551532033426
"2018-04-01",0.0217375941071289,-0.0118242510394011,-0.00569938199589985,0.00132524137217873,-0.000437161627680145,0.00553920244400668,0.00510204081632653,3136,16,0.00510204081632653
"2018-05-01",0.0217375941071289,-0.0101735472086214,-0.00648860904027759,-0.000335118668749038,-0.000445401508736469,0.00474031918948092,0.00429491768074445,4191,18,0.00429491768074445
"2018-06-01",0.0217375941071289,-0.00887101005991608,-0.00700206978843316,-0.00207352855031202,0.000996452054841394,0.00379098570846768,0.00478743776330908,5222,25,0.00478743776330908
"2018-07-01",0.0217375941071289,-0.00765703570591596,-0.00747142350063829,-0.00221244081440454,8.18727724350844e-05,0.00439669408617016,0.00447856685860524,6252,28,0.00447856685860525
"2018-08-01",0.0217375941071289,-0.00658866085550576,-0.00779675467135915,-0.00188641718824616,-1.98798399416399e-05,0.00546576139201788,0.00544588155207624,7345,40,0.00544588155207624
"2018-09-01",0.0217375941071289,-0.00574293495207493,-0.00791594092139931,-0.00286469604176935,-5.21263683283389e-05,0.00521402219188535,0.00516189582355701,8524,44,0.00516189582355702
"2018-10-01",0.0217375941071289,-0.00488781433735961,-0.00786986467123912,-0.00145321598404183,-0.000702172178287369,0.00752669911448838,0.00682452693620101,9671,66,0.00682452693620101
"2018-11-01",0.0217375941071289,-0.00445689046401576,-0.00754114178672702,-0.000413681505875995,0.000460436762077371,0.00932588035051017,0.00978631711258754,11138,109,0.00978631711258754
"2018-12-01",0.0217375941071289,-0.00363118458251995,-0.00745617657917776,0.00125051140232909,0.0014895920239425,0.0119007443477603,0.0133903363717028,12397,166,0.0133903363717028
"2019-01-01",0.0217375941071289,-0.00316567337747171,-0.00729226574484928,0.00280768649710159,9.08992588311962e-05,0.0140873414819095,0.0141782407407407,13824,196,0.0141782407407407
"2019-02-01",0.0217375941071289,-0.00261029590067566,-0.00724562764877772,0.00115415730312291,0.000533415188290263,0.0130358278607985,0.0135692430490887,15034,204,0.0135692430490887
"2019-03-01",0.0217375941071289,-0.00192168054634098,-0.00720437096748042,0.00129269836369878,-0.000314417810869187,0.0139042409570063,0.0135898231461371,16115,219,0.0135898231461371
"2019-04-01",0.0217375941071289,-0.00158531968090447,-0.00697862200221263,0.00187801127966434,-0.000484102336390104,0.0150516637036762,0.0145675613672861,17436,254,0.0145675613672861
"2019-05-01",0.0217375941071289,-0.00145107287968601,-0.00667692254275433,0.00178992058456256,0.000513067586952092,0.0153995192692512,0.0159125868562033,18853,300,0.0159125868562033
"2019-06-01",0.0217375941071289,-0.00117318896269455,-0.00644412061177441,0.00505749340665064,-0.000724134084768762,0.0191777779393106,0.0184536438545419,20267,374,0.0184536438545419
"2019-07-01",0.0217375941071289,-0.000758854121168603,-0.00627561490720158,0.00662005908886717,-0.00150781676740214,0.0213231841676259,0.0198153674002238,21448,425,0.0198153674002238
"2019-08-01",0.0217375941071289,-0.000680760750378058,-0.00597138058462878,0.00578256098438438,-0.00144502916395269,0.0208680137565065,0.0194229845925538,22911,445,0.0194229845925538
"2019-09-01",0.0217375941071289,-0.000710772805002778,-0.00562115488324001,0.00486329986878004,-0.00176403435646867,0.0202689662876662,0.0185049319311975,24534,454,0.0185049319311975
"2019-10-01",0.0217375941071289,-0.000557434192316263,-0.00527652105670012,0.00600594421401473,-0.00131771164576351,0.0219095830721273,0.0205918714263638,25884,533,0.0205918714263638
"2019-11-01",0.0217375941071289,-0.000894422297696586,-0.00483928910448925,0.00632154981312662,-0.00155655738026256,0.0223254325180697,0.0207688751378072,28119,584,0.0207688751378072
"2019-12-01",0.0217375941071289,-0.000952469561273409,-0.00456676478475579,0.00772872387553283,-0.00176233193392808,0.0239470836366326,0.0221847517027045,30246,671,0.0221847517027045
"2020-01-01",0.0217375941071289,-0.000800946099239974,-0.00447116496949993,0.00491855477853323,-0.00171333533629729,0.0213840378169223,0.019670702480625,32129,632,0.019670702480625
"2020-02-01",0.0217375941071289,-0.000422710877235664,-0.00454195183946798,0.000348183878291815,-0.000171460484588156,0.0171211152687171,0.016949654784129,33747,572,0.016949654784129
"2020-03-01",0.0217375941071289,0.000103106231499002,-0.00470026859513345,-0.00174039654920616,-0.000169152087757559,0.0154000351942883,0.0152308831065308,35126,535,0.0152308831065308
"2020-04-01",0.0217375941071289,0.000578938994656148,-0.00487650083382781,-0.00137861600719267,0.000362293403320933,0.0160614162607646,0.0164237096640855,36289,596,0.0164237096640855
"2020-05-01",0.0217375941071289,0.00122575517752829,-0.00506676540005724,0.00278327877428965,-0.000207892673570737,0.0206798626588896,0.0204719699853189,36782,753,0.0204719699853189
"2020-06-01",0.0217375941071289,0.00176046545699561,-0.0052258035472514,0.00633184180928345,-0.000638720493183928,0.0246040978261566,0.0239653773329727,36970,886,0.0239653773329727
"2020-07-01",0.0217375941071289,0.0023393298290183,-0.00539075872663649,0.00575633500587638,-0.000625199328022554,0.0244425002153871,0.0238173008873646,36738,875,0.0238173008873646
"2020-08-01",0.0217375941071289,0.00259493079140845,-0.00550004812061814,0.00438386794204521,-0.00101649163075698,0.0232163447199645,0.0221998530892075,36757,816,0.0221998530892075
"2020-09-01",0.0217375941071289,0.00281286543367504,-0.00563013226034775,0.00285744697099622,-0.000643514360127322,0.0217777742514524,0.0211342598913251,36623,774,0.0211342598913251
"2020-10-01",0.0217375941071289,0.00290265427412937,-0.00572035243647372,0.00409447907441004,-0.000347853825588181,0.0230143750191946,0.0226665211936065,36662,831,0.0226665211936065
"2020-11-01",0.0217375941071289,0.00294648701238941,-0.00579604005142082,0.00648144424254905,1.06730093120674e-05,0.0253694853106466,0.0253801583199587,36761,933,0.0253801583199587
"2020-12-01",0.0217375941071289,0.00247115272078706,-0.00564392542201473,0.00314447739833348,0.00106074259584052,0.0217092988042348,0.0227700414000753,37198,847,0.0227700414000753
"2021-01-01",0.0217375941071289,0.00200619547989963,-0.00550363974825577,-0.000302218728115546,0.00119296449082658,0.0179379311106573,0.0191308956014838,37740,722,0.0191308956014838
"2021-02-01",0.0217375941071289,0.0018421457666516,-0.0053985760849205,-0.00425853824020186,7.46329920419454e-05,0.0139226255486582,0.0139972585407001,37936,531,0.0139972585407001
"2021-03-01",0.0217375941071289,0.00171884303130369,-0.00523885043671381,-0.00730136418974267,0.000202737276632797,0.0109162225119762,0.011118959788609,38223,425,0.011118959788609
"2021-04-01",0.0217375941071289,0.00145711567108561,-0.004979373505063,-0.00788468071442154,-0.000167530976833244,0.01033065555873,0.0101631245818968,38866,395,0.0101631245818968
"2021-05-01",0.0217375941071289,0.00120672882236468,-0.00461119174914347,-0.00822677700625433,-0.000192159765298863,0.0101063541740958,0.00991419440879696,39741,394,0.00991419440879696
"2021-06-01",0.0217375941071289,0.000985870580967087,-0.00423457099802821,-0.00840276172720642,-6.82516385662025e-05,0.0100861319628614,0.0100178803242952,40827,409,0.0100178803242952
"2021-07-01",0.0217375941071289,0.00076336585039031,-0.00380783639529659,-0.00832785701253864,9.02426994203121e-05,0.010365266549684,0.0104555092491043,41031,429,0.0104555092491043
"2021-08-01",0.0217375941071289,0.000613933398754602,-0.00340310400786356,-0.00848619664976183,0.000286305795880873,0.0104622268482582,0.010748532644139,41401,445,0.010748532644139
"2021-09-01",0.0217375941071289,0.000541508873339028,-0.00294613068843757,-0.00859869187161698,-9.17053902594604e-05,0.0107342804204134,0.010642575030154,42283,450,0.010642575030154
"2021-10-01",0.0217375941071289,0.000770933214187328,-0.00240020338537726,-0.0094370252980592,-0.000344397176658376,0.0106712986378798,0.0103269014612214,42704,441,0.0103269014612214
"2021-11-01",0.0217375941071289,0.000697325692897671,-0.00169751474343289,-0.00993962063319111,-0.000401869514195139,0.0107977844234026,0.0103959149092075,43671,454,0.0103959149092075
"2021-12-01",0.0217375941071289,0.000574731000350145,-0.000880803988938475,-0.00920419168264353,-0.000361599537380301,0.0122273294358971,0.0118657298985168,44835,532,0.0118657298985168
"2022-01-01",0.0217375941071289,0.000732828515606008,-0.000102364890476069,-0.00965023557874351,-2.84157186447976e-05,0.0127178221535154,0.0126894064348706,45471,577,0.0126894064348706
"2022-02-01",0.0217375941071289,0.00123841656429406,0.000663909729094774,-0.00641534560114816,-0.000119050266736699,0.0172245747993696,0.0171055245326329,45307,775,0.0171055245326329
"2022-03-01",0.0217375941071289,0.00138914633540037,0.00143828213692389,-0.000642438510567081,-7.35908544662142e-05,0.0239225840688861,0.0238489932144199,45243,1079,0.0238489932144199
"2022-04-01",0.0217375941071289,0.00143931357359494,0.00222760086814166,0.0036813570659666,0.000590590770434989,0.0290858656148321,0.0296764563852671,45558,1352,0.0296764563852671
"2022-05-01",0.0217375941071289,0.00138103844175734,0.00307762630000323,0.00505471855907549,0.000916126685044133,0.031250977407965,0.0321671040930091,46103,1483,0.0321671040930091
"2022-06-01",0.0217375941071289,0.00144795109788907,0.00388653185929538,0.00463317591490136,0.000621959908365359,0.0317052529792148,0.0323272128875801,46184,1493,0.0323272128875801
"2022-07-01",0.0217375941071289,0.00162992837955156,0.00472337038530933,0.00933054754317659,-0.000226757683190785,0.0374214404151664,0.0371946827319756,45813,1704,0.0371946827319756
"2022-08-01",0.0217375941071289,0.00178616152135479,0.00541312239003557,0.00927519780035439,0.000953911265387177,0.0382120758188737,0.0391659870842609,45371,1777,0.0391659870842609
"2022-09-01",0.0217375941071289,0.00186097382535246,0.00610905684619856,0.00990721173303341,0.000825186788909469,0.0396148365117134,0.0404400233006228,44634,1805,0.0404400233006228
"2022-10-01",0.0217375941071289,0.00202408618603973,0.00692527817850663,0.0113650678095498,-0.000609343074241412,0.0420520262812251,0.0414426832069837,43530,1804,0.0414426832069837
"2022-11-01",0.0217375941071289,0.00204784503518161,0.00771679813589537,0.0156503798535639,0.000135542174297377,0.0471526171317699,0.0472881593060672,42886,2028,0.0472881593060673
"2022-12-01",0.0217375941071289,0.00208435982703885,0.00851652354230761,0.0191335948772486,-0.000582451656716225,0.051472072353724,0.0508896206970077,42209,2148,0.0508896206970077
"2023-01-01",0.0217375941071289,0.00207966915774191,0.00914779812086844,0.0165416781276615,0.000588027886613649,0.0495067395134007,0.0500947674000144,41681,2088,0.0500947674000144
"2023-02-01",0.0217375941071289,0.00291613889278397,0.0100038036452253,0.0156942106723803,-0.00161519363373523,0.0503517473175185,0.0487365536837832,39416,1921,0.0487365536837832
"2023-03-01",0.0217375941071289,0.00355352802931475,0.0105716480888095,0.0140430408696375,-0.00162609230494614,0.0499058110948908,0.0482797187899446,37552,1813,0.0482797187899446
"2023-04-01",0.0217375941071289,0.00395247738957201,0.0110621068095364,0.0130815900324214,-0.00169915885683832,0.0498337683386588,0.0481346094818205,35837,1725,0.0481346094818205
"2023-05-01",0.0217375941071289,0.00426624380587551,0.0114335683806932,0.0120229657695518,-0.00143052827681901,0.0494603720632494,0.0480298437864304,34312,1648,0.0480298437864304
"2023-06-01",0.0217375941071289,0.00452096902786212,0.0118137315421159,0.00976985632993422,-0.00148250322991109,0.0478421510070412,0.0463596477771301,32593,1511,0.0463596477771301
"2023-07-01",0.0217375941071289,0.00469315541391544,0.0121080203924818,0.0077190446363709,-0.00174122930947541,0.0462578145498971,0.0445165852404217,31112,1385,0.0445165852404217
"2023-08-01",0.0217375941071289,0.00477826736218641,0.0123675977367505,0.00275347533155649,-0.00148836117952683,0.0416369345376224,0.0401485733580956,29615,1189,0.0401485733580956
"2023-09-01",0.0217375941071289,0.00482479151284277,0.012660809554717,0.000528789427946124,-0.00144867916924,0.0397519846026348,0.0383033054333948,28196,1080,0.0383033054333948
"2023-10-01",0.0217375941071289,0.0048420679854354,0.0131432500453262,-0.00094374783125805,-0.00126318806424466,0.0387791643066325,0.0375159762423878,26602,998,0.0375159762423878
"2023-11-01",0.0217375941071289,0.00479407328442028,0.013587393032111,-0.000656271512552467,-0.00091096874003152,0.0394627889111077,0.0385518201710762,25135,969,0.0385518201710762
"2023-12-01",0.0217375941071289,0.00464001135525598,0.0139376666985643,0.000740501247543095,-0.000764735851189021,0.0410557734084923,0.0402910375573033,23777,958,0.0402910375573033
"2024-01-01",0.0217375941071289,0.00447563055465694,0.0141680339030697,0.00238889680599685,-0.000796272453556487,0.0427701553708524,0.0419738829172959,22514,945,0.0419738829172959
"2024-02-01",0.0217375941071289,0.00428175089625209,0.0144029016243574,0.00158572161305429,-0.000846769279263315,0.0420079682407927,0.0411611989615294,21185,872,0.0411611989615294
"2024-03-01",0.0217375941071289,0.00411790245473757,0.0146657003390051,-0.00323960557144761,-0.000578793245229362,0.037281591329424,0.0367027980841946,19835,728,0.0367027980841946
"2024-04-01",0.0217375941071289,0.00391933296366644,0.0150043641980388,-0.00600787655326032,-0.000475517141449884,0.0346534147155739,0.034177897574124,18550,634,0.034177897574124
"2024-05-01",0.0217375941071289,0.00379022895454192,0.0153989181089355,-0.00506251310598012,-0.000343037436174395,0.0358642280646262,0.0355211906284518,17201,611,0.0355211906284518
"2024-06-01",0.0217375941071289,0.0036347286538467,0.0159192828665985,-0.00169327676857019,2.79800004856517e-05,0.039598328859004,0.0396263088594896,15949,632,0.0396263088594896
"2024-07-01",0.0217375941071289,0.00350246295255217,0.0163262095224,0.000495539309031697,-0.000170926523222383,0.0420618058911129,0.0418908793678905,14681,615,0.0418908793678905
"2024-08-01",0.0217375941071289,0.00334727942957938,0.0162315493510635,-0.00172891397400885,-0.000231910855796184,0.0395875089137629,0.0393555980579667,13594,535,0.0393555980579667
"2024-09-01",0.0217375941071289,0.00325102609562744,0.016224653496676,-0.00451939754358505,-0.000115464750552053,0.0366938761558474,0.0365784114052953,12275,449,0.0365784114052953
"2024-10-01",0.0217375941071289,0.00319809787445331,0.0162754444823811,-0.007745354429006,-0.000229577336359646,0.0334657820349574,0.0332362046985977,10982,365,0.0332362046985977
"2024-11-01",0.0217375941071289,0.00324565484268241,0.0164410718393088,-0.00954615281207659,-0.000183082721276236,0.0318781679770435,0.0316950852557673,9970,316,0.0316950852557673
"2024-12-01",0.0217375941071289,0.00324394173975642,0.0163369286596901,-0.0098000692868326,9.95725081245287e-05,0.0315183952197429,0.0316179677278674,9172,290,0.0316179677278674
"2025-01-01",0.0217375941071289,0.00326617550962181,0.0161524003726837,-0.0078582279909908,9.16433438900198e-05,0.0332979419984436,0.0333895853423337,8296,277,0.0333895853423337
"2025-02-01",0.0217375941071289,0.00324169031964003,0.0159265151754362,-0.00442475618089099,3.99899886682557e-05,0.0364810434213142,0.0365210334099824,7393,270,0.0365210334099824
"2025-03-01",0.0217375941071289,0.00322193980658412,0.0151569368603952,-0.00395516519962477,-0.000474969684672847,0.0361613055744835,0.0356863358898106,6389,228,0.0356863358898106
"2025-04-01",0.0217375941071289,0.00308681318068213,0.0150283077379364,-0.00808283432783986,-0.000502327805190907,0.0317698806979076,0.0312675528927167,5341,167,0.0312675528927167
"2025-05-01",0.0217375941071289,0.00297636472903902,0.0148730043331918,-0.00851222154829138,-0.000437210645623461,0.0310747416210684,0.0306375309754449,4439,136,0.0306375309754449
"2025-06-01",0.0217375941071289,0.00291710782036666,0.0153851021897637,-0.00775175934440652,-0.000679653164461228,0.0322880447728528,0.0316083916083916,3575,113,0.0316083916083916
"2025-07-01",0.0217375941071289,0.00293987007666449,0.0159979006155423,-0.00351412309091348,-0.000764845312025874,0.0371612417084223,0.0363963963963964,2775,101,0.0363963963963964
"2025-08-01",0.0217375941071289,0.00305013816940346,0.0149622522051048,-0.00389021029293087,-0.000722072384337901,0.0358597741887064,0.0351377018043685,2106,74,0.0351377018043685
"2025-09-01",0.0217375941071289,0.00307725886399204,0.0136271457912753,-0.009601582532965,-0.000620445172991338,0.0288404162294313,0.0282199710564399,1382,39,0.0282199710564399
"2025-10-01",0.0217375941071289,0.00297772609036222,0.0111045530341022,-0.00877308960586241,-0.000692464445643144,0.027046783625731,0.0263543191800878,683,18,0.0263543191800878
